,Названия,Цена,Наличии,country,data 
1,Смартфон Huawei P40 Lite Midnight Black,25990,Есть в наличии,Ukraine,17/1/2021
2,Смартфон Huawei P40 Lite E Midnight Black,17990,Есть в наличии,Indonesia,10/1/2021
3,Смартфон Samsung Galaxy A51 128GB Black,29990,Есть в наличии,Russia,11/2/2021
4,Смартфон Samsung Galaxy A71 Black,37990,Есть в наличии,Zimbabwe,25/1/2021
5,Смартфон Apple iPhone 11 64GB Black,71990,Товар на витрине,Georgia,6/2/2021
6,Смартфон Samsung Galaxy S20 Ultra Gray,109990,Товар на витрине,Costa Rica,14/2/2021
7,Смартфон Samsung Galaxy S20+ Black,89990,Есть в наличии,Uzbekistan,15/1/2021
8,Смартфон Huawei P Smart 2019 Midnight Black,15990,Есть в наличии,Japan,28/1/2021
9,Смартфон Huawei Y6 2019 32GB Midnight Black,11990,Есть в наличии,China,13/2/2021
10,Смартфон Huawei Y5 2019 32GB Modern Black,10990,Есть в наличии,Indonesia,4/1/2021
11,Смартфон Huawei Y7 2019 32GB Midnight Black,13990,Есть в наличии,Canada,30/1/2021
12,Смартфон Samsung Galaxy S20 Gray,69990,Есть в наличии,China,9/1/2021
13,Смартфон Huawei P30 Lite 128GB Midnight Black,17990,Есть в наличии,Indonesia,16/2/2021
14,Смартфон Samsung Galaxy S20+ Gray,89990,Есть в наличии,Armenia,21/1/2021
15,Смартфон Samsung Galaxy S20 Ultra Black,109990,Есть в наличии,Syria,20/1/2021
16,Смартфон Samsung Galaxy A51 64GB Black,25990,Есть в наличии,Afghanistan,1/1/2021
17,Смартфон Samsung Galaxy A51 128GB Blue,29990,Есть в наличии,Poland,9/1/2021
18,Смартфон Samsung Galaxy A51 64GB Blue,25990,Есть в наличии,Indonesia,11/2/2021
19,Смартфон Samsung Galaxy A51 128GB White,29990,Есть в наличии,Niger,23/1/2021
20,Смартфон Samsung Galaxy A51 64GB White,25990,Есть в наличии,Palestinian Territory,4/2/2021
21,Смартфон Huawei P40 Lite E Aurora Blue,17990,Есть в наличии,Indonesia,26/1/2021
22,Смартфон Huawei P40 Lite Sakura Pink,25990,Есть в наличии,China,26/1/2021
23,Смартфон Apple iPhone 7 32GB Black,35990,Есть в наличии,Indonesia,2/2/2021
24,Смартфон Apple iPhone SE 64GB 2020 Black,49990,Товар на витрине,Kenya,11/2/2021
25,Смартфон Samsung Galaxy S10 Lite Black,49990,Есть в наличии,Indonesia,4/1/2021
26,Смартфон Apple iPhone 7 32GB Gold,33990,Есть в наличии,Indonesia,5/1/2021
27,Смартфон Samsung Galaxy A21s White,17990,Есть в наличии,Chad,14/1/2021
28,Смартфон Xiaomi Redmi Note 9 Pro 6/128GB Interstellar Grey,25990,Товар на витрине,Czech Republic,1/1/2021
29,Смартфон Samsung Galaxy A21s Black,17990,Есть в наличии,Uganda,8/1/2021
30,Смартфон Apple iPhone XR 64GB Black,61990,Есть в наличии,Poland,8/1/2021
31,Смартфон Samsung Galaxy A71 Silver,37990,Есть в наличии,Russia,2/1/2021
32,Смартфон Samsung Galaxy A31 White,21990,Есть в наличии,China,10/2/2021
33,Смартфон Samsung Galaxy A11 Black,12990,Есть в наличии,Kazakhstan,4/1/2021
34,Смартфон Apple iPhone 7 32GB Silver,29990,Есть в наличии,Peru,27/1/2021
35,Смартфон Samsung Galaxy A31 Blue,21990,Есть в наличии,Indonesia,6/1/2021
36,Смартфон Xiaomi Redmi Note 9S 6/128GB Aurora Blue,19990,Есть в наличии,China,15/2/2021
37,Смартфон Xiaomi Redmi 9 4/64GB Carbon Grey,13990,Есть в наличии,Portugal,12/1/2021
38,Смартфон Samsung Galaxy A41 Black,21990,Есть в наличии,South Korea,27/1/2021
39,Смартфон Apple iPhone XR 64GB (PRODUCT) RED,61990,Товар на витрине,Ukraine,3/2/2021
40,Смартфон Samsung Galaxy A01 Blue,8990,Есть в наличии,China,13/1/2021
41,Смартфон Samsung Galaxy A31 Black,21990,Есть в наличии,Thailand,5/2/2021
42,Смартфон Huawei P30 Lite 128GB Peacock Blue,17990,Есть в наличии,Poland,19/1/2021
43,Смартфон Apple iPhone 12 mini 64GB Blue,79990,Товар на витрине,Czech Republic,12/2/2021
44,Смартфон Xiaomi Redmi Note 9 3/64GB Midnight Grey,15990,Товар на витрине,Russia,25/1/2021
45,Смартфон Xiaomi Redmi Note 9S 6/128GB Interstellar Grey,19990,Есть в наличии,France,13/1/2021
46,Смартфон Samsung Galaxy A01 Black,8990,Есть в наличии,China,14/2/2021
47,Смартфон Samsung Galaxy A21s Red,17990,Есть в наличии,China,14/1/2021
48,Смартфон Samsung Galaxy S20 FE 6/128GB Blue,59990,Есть в наличии,Venezuela,10/1/2021
49,Смартфон Samsung Galaxy S10 Lite White,49990,Товар на витрине,Portugal,20/1/2021
50,Смартфон Xiaomi Redmi Note 9 Pro 6/128GB Tropical Green,25990,Есть в наличии,Norway,7/1/2021
51,Смартфон Samsung Galaxy A01 Red,8990,Есть в наличии,Indonesia,20/1/2021
52,Смартфон Xiaomi Redmi 9 3/32GB Carbon Grey,12990,Есть в наличии,Indonesia,11/2/2021
53,Смартфон Samsung Galaxy S10 Lite Blue,49990,Есть в наличии,Mexico,13/1/2021
54,Смартфон Xiaomi Redmi Note 9 Pro 6/128GB Glacier White,25990,Есть в наличии,China,22/1/2021
55,Смартфон Xiaomi Redmi 9 4/64GB Ocean Green,13990,Есть в наличии,Canada,22/1/2021
56,Смартфон Xiaomi Redmi Note 9 4/128GB Forest Green,17990,Есть в наличии,China,3/2/2021
57,Смартфон Apple iPhone 7 32GB Rose Gold,33990,Есть в наличии,Indonesia,11/1/2021
58,Смартфон Xiaomi Redmi Note 9 3/64GB Polar White,15990,Есть в наличии,Taiwan,6/1/2021
59,Смартфон Xiaomi Redmi 9 4/64GB Sunset Purple,13990,Есть в наличии,Peru,17/1/2021
60,Смартфон Samsung Galaxy A01 Core 1/16GB Blue,6990,Товар на витрине,Thailand,3/1/2021
61,Смартфон Xiaomi Redmi Note 9 4/128GB Polar White,17990,Есть в наличии,Philippines,19/1/2021
62,Смартфон Huawei Y5 Lite 16GB Modern Black,7990,Есть в наличии,Syria,9/2/2021
63,Смартфон Xiaomi Redmi Note 9S 6/128GB Glacier White,19990,Есть в наличии,Honduras,1/2/2021
64,Смартфон Samsung Galaxy A01 Core 1/16GB Black,6990,Есть в наличии,China,8/2/2021
65,Смартфон Samsung Galaxy A41 White,21990,Есть в наличии,Indonesia,3/1/2021
66,Смартфон Xiaomi Redmi Note 9 4/128GB Midnight Grey,17990,Есть в наличии,Indonesia,19/1/2021
67,Смартфон Samsung Galaxy A11 White,12990,Есть в наличии,Indonesia,4/2/2021
68,Смартфон Apple iPhone SE 64GB 2020 (PRODUCT)RED,49990,Есть в наличии,Zimbabwe,11/2/2021
69,Смартфон Vivo Y12 Aqua blue,12990,Есть в наличии,Russia,12/1/2021
70,Смартфон Huawei Y7 2019 32GB Aurora Blue,13990,Есть в наличии,China,3/2/2021
71,Смартфон Xiaomi Redmi 9 3/32GB Ocean Green,12990,Товар на витрине,China,16/2/2021
72,Смартфон Huawei P Smart 2019 Aurora Blue,15990,Есть в наличии,Indonesia,12/1/2021
73,Смартфон Vivo V17 Knight Black,23990,Товар на витрине,South Africa,11/1/2021
74,Смартфон Huawei P40 Lite Midnight Crush Green,25990,Есть в наличии,Greece,29/1/2021
75,Смартфон Xiaomi Redmi Note 9 3/64GB Forest Green,15990,Товар на витрине,Egypt,14/2/2021
76,Смартфон Prestigio Wize YA3 Black,2790,Товар на витрине,China,5/2/2021
77,Смартфон Samsung Galaxy A11 Red,12990,Есть в наличии,China,16/1/2021
78,Смартфон Huawei P30 Lite 256GB Midnight Black,29990,Есть в наличии,Venezuela,25/1/2021
79,Смартфон Huawei Y5 Lite 16GB Amber Brown,7990,Товар на витрине,Uruguay,8/2/2021
80,Смартфон Huawei Y5 2019 32GB Saphire Blue,10990,Есть в наличии,Indonesia,5/2/2021
81,Смартфон Apple iPhone 12 128GB Blue,101990,Товар на витрине,France,9/1/2021
82,Смартфон Xiaomi Redmi Note 9 4/128GB Onyx Black,17990,Товар на витрине,United States,5/1/2021
83,Смартфон Samsung Galaxy A41 Blue,21990,Есть в наличии,Indonesia,19/1/2021
84,Смартфон Huawei Y5P Phantom Blue,8990,Товар на витрине,Japan,12/1/2021
85,Смартфон Huawei Y6 2019 32GB Sapphire Blue,11990,Есть в наличии,Indonesia,18/1/2021
86,Смартфон Huawei Y9S Breathing Crystal,21990,Есть в наличии,Yemen,5/1/2021
87,Смартфон Samsung Galaxy A51 64GB Silver,25990,Есть в наличии,United States,16/2/2021
88,Смартфон Apple iPhone 11 64GB Black Slim Box,71990,Товар на витрине,Bolivia,6/2/2021
89,Смартфон Samsung Galaxy A01 Core 1/16GB Red,6990,Товар на витрине,Colombia,16/1/2021
90,Смартфон Huawei P Smart Z 64GB Saphire Blue,19990,Есть в наличии,Sweden,2/2/2021
91,Смартфон Apple iPhone 12 64GB Black,95990,Есть в наличии,Indonesia,24/1/2021
92,Смартфон Samsung Galaxy A9 128GB Black,13990,Товар на витрине,Russia,13/1/2021
93,Смартфон Huawei Y6P Emerald Green,13990,Есть в наличии,Ireland,9/1/2021
94,Смартфон Apple iPhone 12 mini 64GB Black,79990,Товар на витрине,Russia,16/2/2021
95,Смартфон Apple iPhone XR 128GB (PRODUCT) RED,67990,Товар на витрине,China,4/1/2021
96,Смартфон Samsung Galaxy A51 128GB Silver,29990,Есть в наличии,United States,6/2/2021
97,Смартфон Huawei Y5 2019 32GB Amber Brown,10990,Есть в наличии,Russia,21/1/2021
98,Смартфон Huawei P Smart Z 64GB Emerald Green,19990,Товар на витрине,Indonesia,12/2/2021
99,Смартфон Samsung Galaxy J4+ 32GB Black,8990,Товар на витрине,Ukraine,4/1/2021
100,Смартфон Huawei P30 Lite 256GB Peacock Blue,29990,Есть в наличии,Indonesia,6/2/2021
101,Смартфон Huawei Y6S 64GB Starry Black,13990,Товар на витрине,hina,5/2/2021
102,Смартфон Huawei Y6 2019 32GB Amber Brown,11990,Есть в наличии,China,16/1/2021
103,Смартфон Huawei Y5P Mint Green,8990,Есть в наличии,Venezuela,25/1/2021
104,Смартфон Vivo V17 Nebula Blue,23990,Есть в наличии,Uruguay,8/2/2021
105,Смартфон Huawei Y5P Midnight Black,8990,Товар на витрине,Indonesia,5/2/2021
106,Смартфон Huawei Y9 Prime 2019 Midnight Black,23990,Есть в наличии,France,9/1/2021
107,Смартфон Huawei Y6P Midnight Black,13990,Товар на витрине,United States,5/1/2021
108,Смартфон Huawei Y6S 64GB Orchid Blue,13990,Есть в наличии,Indonesia,19/1/2021
109,Смартфон Samsung Galaxy S21 128GB Gray,81990,Товар на витрине,Japan,12/1/2021
110,Смартфон Huawei Y9S Midnight Black,25990,Есть в наличии,Indonesia,18/1/2021
111,Смартфон Samsung Galaxy A12 3/32GB Black,13990,Есть в наличии,Yemen,5/1/2021
112,Смартфон Huawei P smart 2021 Crush Green,23990,Есть в наличии,United States,16/2/2021
113,Смартфон Huawei Y9 Prime 2019 Emerald Green,23990,Есть в наличии,Bolivia,6/2/2021
114,Смартфон Samsung Galaxy S21 Ultra 256GB Black,129990,Товар на витрине,Colombia,16/1/2021
115,Смартфон Vivo Y30 4/64GB Dazzle Blue,17990,Есть в наличии,Sweden,2/2/2021
116,Смартфон Vivo Y12s Phantom Black,12990,Есть в наличии,Indonesia,24/1/2021
117,Смартфон Vivo Y30 4/64GB Emerald Black,17990,Товар на витрине,Russia,13/1/2021
118,Смартфон Huawei P smart 2021 Midnight Black,23990,Есть в наличии,Ireland,9/1/2021
119,Смартфон Samsung Galaxy S21 Ultra 128GB Black,123990,Есть в наличии,Russia,16/2/2021
120,Смартфон Samsung Galaxy A12 3/32GB Blue,13990,Есть в наличии,China,4/1/2021
121,Смартфон Vivo Y12s Nebula Blue,12990,Есть в наличии,United States,6/2/2021
122,Смартфон Apple iPhone 7 256GB Black CPO,35990,Товар на витрине,Russia,21/1/2021
123,Смартфон Samsung Galaxy A12 3/32GB Red,13990,Есть в наличии,Indonesia,12/2/2021
124,Смартфон Apple iPhone SE 64GB 2020 Black Slim Box,49990,Товар на витрине,Ukraine,4/1/2021
